{"iter": 2500, "train/loss": 8.465086936950684, "val/loss": 8.515544891357422, "lr": 0.0005965913423228099, "mfu": 4.279916847181908, "_timestamp": 1692783883.747108, "_runtime": 2153.3897840976715, "_step": 5, "_wandb": {"runtime": 2356}}