{"iter": 10000, "train/loss": 5.525492280721664, "val/loss": 5.2333149909973145, "lr": 0.17891405093963939, "mfu": 4.5274579323109325, "_timestamp": 1694742653.7739403, "_runtime": 69126.89236235619, "_step": 1021, "_wandb": {"runtime": 69124}}