{"iter": 40000, "train/loss": 8.249799728393555, "val/loss": 8.25766372680664, "lr": 0.0, "mfu": 3.823681511209499, "_timestamp": 1692822545.2079284, "_runtime": 31103.11218547821, "_step": 80, "_wandb": {"runtime": 31103}}