{"iter": 6500, "train/loss": 6.229992866516113, "val/loss": 6.251049995422363, "lr": 0.06760568808179478, "mfu": 4.307857170132674, "_timestamp": 1692877011.372693, "_runtime": 4509.653349161148, "_step": 13, "_wandb": {"runtime": 4627}}