{"iter": 10, "train/loss": 10.974068641662598, "val/loss": 10.991511344909668, "lr": 0.01, "mfu": 4.835874652229691, "_timestamp": 1694784276.146671, "_runtime": 103.9465401172638, "_step": 2, "_wandb": {"runtime": 99}}