{"iter": 40000, "train/loss": 3.6446874141693115, "val/loss": 3.679170608520508, "lr": 0.36603234127322926, "mfu": 4.305524934178432, "_timestamp": 1693241366.1369758, "_runtime": 27612.188203811646, "_step": 80, "_wandb": {"runtime": 27611}}