{"iter": 40000, "train/loss": 5.881418228149414, "val/loss": 5.902338027954102, "lr": 1.5493499268521573e-13, "mfu": 4.261100136048614, "_timestamp": 1693237947.7118762, "_runtime": 27709.07076716423, "_step": 80, "_wandb": {"runtime": 27709}}