{"iter": 40000, "train/loss": 5.237860679626465, "val/loss": 5.269199371337891, "lr": 0.0, "mfu": 4.303528505245378, "_timestamp": 1692871401.9853115, "_runtime": 27717.69951057434, "_step": 80, "_wandb": {"runtime": 27707}}