{"iter": 40000, "train/loss": 3.8782095909118652, "val/loss": 3.913191556930542, "lr": 0.0, "mfu": 3.613828165951808, "_timestamp": 1692874628.2988355, "_runtime": 30935.824743509293, "_step": 80, "_wandb": {"runtime": 30929}}