{"iter": 0, "train/loss": 10.987288475036621, "val/loss": 10.991511344909668, "lr": 0.0, "mfu": -100.0, "_timestamp": 1694780199.7415254, "_runtime": 24.58071231842041, "_step": 0, "_wandb": {"runtime": 25}}