{"iter": 20, "train/loss": 10.82618772983551, "val/loss": 10.991511344909668, "lr": 0.024, "mfu": 4.864893574184821, "_timestamp": 1694701405.0768545, "_runtime": 168.94887948036194, "_step": 3, "_wandb": {"runtime": 195}}