{"iter": 8500, "train/loss": 4.535890579223633, "val/loss": 4.537820816040039, "lr": 0.9295269771849426, "mfu": 5.0286209716891035, "_timestamp": 1694234061.303533, "_runtime": 57374.328381061554, "_step": 17}