{"iter": 0, "train/loss": 10.987288475036621, "val/loss": 10.991511344909668, "lr": 0.0, "mfu": -100.0, "_timestamp": 1694779834.0178444, "_runtime": 21.758835554122925, "_step": 0, "_wandb": {"runtime": 25}}