{"iter": 1000, "train/loss": 9.796110153198242, "val/loss": 9.794580459594727, "lr": 0.0003, "mfu": 4.041387407903089, "_timestamp": 1692781431.1219366, "_runtime": 829.3574295043945, "_step": 1, "_wandb": {"runtime": 888}}