{"iter": 8980, "train/loss": 4.351971298456192, "val/loss": 4.397653579711914, "lr": 0.7061476833846556, "mfu": 5.194558902528736, "_timestamp": 1694239743.584276, "_runtime": 58822.04454302788, "_step": 916}