{"iter": 0, "train/loss": 10.987288475036621, "val/loss": 10.991511344909668, "lr": 0.225, "mfu": -100.0, "_timestamp": 1693204993.7310162, "_runtime": 21.79301619529724, "_step": 0, "_wandb": {"runtime": 84}}