{"iter": 40000, "train/loss": 5.056293487548828, "val/loss": 5.090348243713379, "lr": 0.0, "mfu": 4.234214706514872, "_timestamp": 1692871671.8553777, "_runtime": 28018.472884655, "_step": 80, "_wandb": {"runtime": 28014}}