{"iter": 22750, "train/loss": 3.5592495650053024, "val/loss": 3.082688570022583, "lr": 0.00029107291091801633, "mfu": 5.3421454869748795, "_timestamp": 1694932814.5136368, "_runtime": 143692.9083428383, "_step": 2321, "_wandb": {"runtime": 143731}}