{"iter": 8610, "train/loss": 5.854415595531464, "val/loss": 5.664703845977783, "lr": 0.08918956309045743, "mfu": 5.101326995276319, "_timestamp": 1694237623.595071, "_runtime": 57631.934729099274, "_step": 879}