{"iter": 40, "train/loss": 10.440065860748291, "val/loss": 10.991511344909668, "lr": 0.04, "mfu": 4.807063836605282, "_timestamp": 1694784656.026951, "_runtime": 308.86398816108704, "_step": 5, "_wandb": {"runtime": 335}}