{"iter": 9770, "train/loss": NaN, "val/loss": NaN, "lr": 0.8803337404973643, "mfu": 5.1599506880565995, "_timestamp": 1694853585.6104043, "_runtime": 68039.77775526047, "_step": 997}