{"iter": 10000, "train/loss": 5.960319936275482, "val/loss": 5.636754989624023, "lr": 7.868298366769955, "mfu": 4.489568761202992, "_timestamp": 1694771529.8477857, "_runtime": 69999.73162269592, "_step": 1021, "_wandb": {"runtime": 69994}}