{"iter": 40000, "train/loss": 3.7443182468414307, "val/loss": 3.7810912132263184, "lr": 0.0, "mfu": 4.301604979582665, "_timestamp": 1692900600.358944, "_runtime": 27565.953603982925, "_step": 80, "_wandb": {"runtime": 27566}}