{"iter": 40000, "train/loss": 7.281956672668457, "val/loss": 7.291071891784668, "lr": 0.0, "mfu": 4.25163583972327, "_timestamp": 1692818806.2119424, "_runtime": 27871.412950515747, "_step": 80, "_wandb": {"runtime": 27871}}