{"iter": 80, "train/loss": 9.833365380764008, "val/loss": 10.991511344909668, "lr": 0.08, "mfu": 4.827842218498947, "_timestamp": 1694785472.151747, "_runtime": 594.3946080207825, "_step": 9, "_wandb": {"runtime": 607}}