{"iter": 232000, "train/loss": 3.352951765060425, "val/loss": 3.3287487030029297, "lr": 0.00042574331950148453, "mfu": 4.273718487387001, "_timestamp": 1692763087.583001, "_runtime": 156864.1530199051, "_step": 232}