{"iter": 40000, "train/loss": 3.3216309547424316, "val/loss": 3.3568198680877686, "lr": 6e-05, "mfu": 4.274177497860921, "_timestamp": 1692810713.0778403, "_runtime": 27852.804089307785, "_step": 80, "_wandb": {"runtime": 27855}}