{"iter": 0, "train/loss": 11.025360524654388, "val/loss": 10.991511344909668, "lr": 0.0, "mfu": -100.0, "_timestamp": 1694782210.7235365, "_runtime": 28.799654483795166, "_step": 1, "_wandb": {"runtime": 38}}