{"iter": 8000, "train/loss": 8.092020034790039, "val/loss": 8.120769500732422, "lr": 0.00028192106268097334, "mfu": 5.2203626318260925, "_timestamp": 1694150655.0266266, "_runtime": 52110.80224967003, "_step": 16}