{"iter": 40000, "train/loss": 3.767596960067749, "val/loss": 3.8030145168304443, "lr": 0.0, "mfu": 4.272422706164279, "_timestamp": 1692905024.7824996, "_runtime": 27679.110397577286, "_step": 80, "_wandb": {"runtime": 27679}}