{"iter": 40000, "train/loss": 6.481710910797119, "val/loss": 6.498291015625, "lr": 0.0, "mfu": 4.2911694042026305, "_timestamp": 1692812203.659048, "_runtime": 27910.936521053314, "_step": 80, "_wandb": {"runtime": 27911}}