{"iter": 10000, "train/loss": 5.44332280755043, "val/loss": 5.124363899230957, "lr": 0.6994042992684405, "mfu": 2.928902178004629, "_timestamp": 1694783161.346601, "_runtime": 108615.25413608551, "_step": 1021, "_wandb": {"runtime": 108613}}