{"iter": 70, "train/loss": 9.967470467090607, "val/loss": 10.991511344909668, "lr": 0.07, "mfu": 4.8569163168013185, "_timestamp": 1694784046.9542456, "_runtime": 513.9773375988007, "_step": 8, "_wandb": {"runtime": 533}}