{"iter": 0, "train/loss": 11.025360524654388, "val/loss": 10.991511344909668, "lr": 0.0, "mfu": -100.0, "_timestamp": 1694780533.7252226, "_runtime": 28.130152702331543, "_step": 1, "_wandb": {"runtime": 87}}