{"iter": 0, "train/loss": 11.025360524654388, "val/loss": 10.991511344909668, "lr": 0.0, "mfu": -100.0, "_timestamp": 1694674333.7179866, "_runtime": 52.6932954788208, "_step": 1, "_wandb": {"runtime": 65}}