{"iter": 40000, "train/loss": 3.7135674953460693, "val/loss": 3.7484025955200195, "lr": 0.0, "mfu": 4.236370284241072, "_timestamp": 1692901016.2873616, "_runtime": 27947.87038064003, "_step": 80, "_wandb": {"runtime": 27947}}