{"iter": 50, "train/loss": 10.197136402130127, "val/loss": 10.991511344909668, "lr": 0.05, "mfu": 4.881112595789989, "_timestamp": 1694781048.184305, "_runtime": 377.9647579193115, "_step": 6, "_wandb": {"runtime": 423}}