{"iter": 40, "train/loss": 10.402657091617584, "val/loss": 10.991511344909668, "lr": 0.027999999999999997, "mfu": 4.869091712549502, "_timestamp": 1694701072.9244092, "_runtime": 308.8563492298126, "_step": 5, "_wandb": {"runtime": 306}}