{"iter": 6000, "train/loss": 5.951145172119141, "val/loss": 5.923003673553467, "lr": 0.010376293541461634, "mfu": 4.313936640927541, "_timestamp": 1693210865.596245, "_runtime": 4127.34531211853, "_step": 12, "_wandb": {"runtime": 4264}}