{"iter": 40000, "train/loss": 3.7566633224487305, "val/loss": 3.792987585067749, "lr": 0.0, "mfu": 4.311249694410678, "_timestamp": 1692871889.1474411, "_runtime": 27604.822763204575, "_step": 80, "_wandb": {"runtime": 27606}}