{"iter": 40000, "train/loss": 5.603764057159424, "val/loss": 5.628157138824463, "lr": 0.0, "mfu": 4.301038903468775, "_timestamp": 1692819213.4943156, "_runtime": 27599.982984542847, "_step": 80, "_wandb": {"runtime": 27599}}