{"iter": 0, "train/loss": 10.987288475036621, "val/loss": 10.991511344909668, "lr": 0.0, "mfu": -100.0, "_timestamp": 1694177259.6197104, "_runtime": 21.56363844871521, "_step": 0, "_wandb": {"runtime": 2693}}