{"iter": 40000, "train/loss": 3.7039241790771484, "val/loss": 3.737797498703003, "lr": 0.0, "mfu": 4.223346068452453, "_timestamp": 1693212317.2336829, "_runtime": 27989.320591926575, "_step": 80, "_wandb": {"runtime": 27988}}