{"iter": 40000, "train/loss": 3.665236711502075, "val/loss": 3.700103759765625, "lr": 0.0, "mfu": 4.232538179855535, "_timestamp": 1693241427.3412356, "_runtime": 27984.567182540894, "_step": 80, "_wandb": {"runtime": 27980}}