{"iter": 40000, "train/loss": 3.7335946559906006, "val/loss": 3.769474744796753, "lr": 0.0, "mfu": 4.225191203860408, "_timestamp": 1692874376.950208, "_runtime": 28143.72153902054, "_step": 80, "_wandb": {"runtime": 28144}}