{"iter": 5000, "train/loss": 5.912752151489258, "val/loss": 5.90659236907959, "lr": 0.022515746337038817, "mfu": 4.2234537368288425, "_timestamp": 1693213413.987293, "_runtime": 3488.0297350883484, "_step": 10, "_wandb": {"runtime": 3774}}