{"iter": 40000, "train/loss": 4.822848796844482, "val/loss": 4.852189540863037, "lr": 3.505266624882867e-05, "mfu": 4.321366485631643, "_timestamp": 1693238458.534139, "_runtime": 27418.390007972717, "_step": 80, "_wandb": {"runtime": 27418}}